cs/simplifiable-boolean-expression	cs/simplifiable-boolean-expression	FuseCP/Sources/FuseCP.WebPortal/Code/Adapters/TreeViewAdapter.cs	642
cs/linq/missed-where	cs/linq/missed-where	FuseCP/Sources/FuseCP.WebPortal/DesktopModules/FuseCP/ExchangeServer/OrganizationUserMemberOf.ascx.cs	152
cs/linq/missed-where	cs/linq/missed-where	FuseCP/Sources/FuseCP.WebPortal/DesktopModules/FuseCP/ExchangeServer/OrganizationSecurityGroupMemberOf.ascx.cs	142
cs/linq/missed-where	cs/linq/missed-where	FuseCP/Sources/FuseCP.WebPortal/DesktopModules/FuseCP/ExchangeServer/ExchangeMailboxMemberOf.ascx.cs	130
cs/linq/missed-where	cs/linq/missed-where	FuseCP/Sources/FuseCP.WebPortal/DesktopModules/FuseCP/ExchangeServer/ExchangeDistributionListMemberOf.ascx.cs	134
cs/linq/missed-where	cs/linq/missed-where	FuseCP/Sources/FuseCP.WebPortal/DesktopModules/FuseCP/DomainsImportZone.ascx.cs	56
cs/nested-if-statements	cs/nested-if-statements	FuseCP/Sources/FuseCP.WebPortal/DesktopModules/FuseCP/Code/Framework/FuseCPControlBase.cs	236
cs/complex-condition	cs/complex-condition	FuseCP/Sources/FuseCP.WebPortal/DesktopModules/FuseCP/ExchangeServer/UserControls/UserSelector.ascx.cs	211
cs/complex-condition	cs/complex-condition	FuseCP/Sources/FuseCP.WebPortal/DesktopModules/FuseCP/ExchangeServer/UserControls/UserSelector.ascx.cs	202
cs/complex-condition	cs/complex-condition	FuseCP/Sources/FuseCP.WebPortal/DesktopModules/FuseCP/DomainsSelectDomainControl.ascx.cs	158
cs/nested-if-statements	cs/nested-if-statements	FuseCP/Sources/FuseCP.WebPortal/DesktopModules/FuseCP/DomainsAddDomain.ascx.cs	62
cs/dereferenced-value-may-be-null	cs/dereferenced-value-may-be-null	FuseCP/Sources/FuseCP.WebPortal/DesktopModules/FuseCP/SqlEditUser.ascx.cs	139
cs/web/ambiguous-client-variable	cs/web/ambiguous-client-variable	FuseCP/Sources/FuseCP.WebPortal/DesktopModules/FuseCP/StatisticsEditStatistics.ascx.cs	81
js/unused-local-variable	js/unused-local-variable	FuseCP/Sources/FuseCP.WebPortal/App_Themes/Default/addons/fuelux/js/fuelux.js	7857
cs/dereferenced-value-is-always-null	cs/dereferenced-value-is-always-null	FuseCP/Sources/FuseCP.WebPortal/DesktopModules/FuseCP/UserControls/OrganizationMenuControl.cs	223
cs/lock-this	cs/lock-this	FuseCP/Sources/FuseCP.WebPortal/DesktopModules/FuseCP/Code/Framework/FuseCPModuleBase.cs	247
cs/web/persistent-cookie	cs/web/persistent-cookie	FuseCP/Sources/FuseCP.WebPortal/DesktopModules/FuseCP/LoggedUserEditDetails.ascx.cs	803
cs/web/persistent-cookie	cs/web/persistent-cookie	FuseCP/Sources/FuseCP.WebPortal/DesktopModules/FuseCP/LoggedUserEditDetails.ascx.cs	767
cs/web/persistent-cookie	cs/web/persistent-cookie	FuseCP/Sources/FuseCP.WebPortal/DesktopModules/FuseCP/Login.ascx.cs	527
cs/web/persistent-cookie	cs/web/persistent-cookie	FuseCP/Sources/FuseCP.WebPortal/DesktopModules/FuseCP/LoggedUserEditDetails.ascx.cs	672
cs/web/persistent-cookie	cs/web/persistent-cookie	FuseCP/Sources/FuseCP.WebPortal/DesktopModules/FuseCP/Login.ascx.cs	399
cs/web/persistent-cookie	cs/web/persistent-cookie	FuseCP/Sources/FuseCP.WebPortal/DesktopModules/FuseCP/Login.ascx.cs	390
cs/web/persistent-cookie	cs/web/persistent-cookie	FuseCP/Sources/FuseCP.WebPortal/DesktopModules/FuseCP/Login.ascx.cs	381
cs/web/persistent-cookie	cs/web/persistent-cookie	FuseCP/Sources/FuseCP.WebPortal/DesktopModules/FuseCP/Login.ascx.cs	372
cs/web/persistent-cookie	cs/web/persistent-cookie	FuseCP/Sources/FuseCP.WebPortal/DesktopModules/FuseCP/Login.ascx.cs	362
cs/web/persistent-cookie	cs/web/persistent-cookie	FuseCP/Sources/FuseCP.WebPortal/DesktopModules/FuseCP/LoggedUserEditDetails.ascx.cs	366
cs/web/persistent-cookie	cs/web/persistent-cookie	FuseCP/Sources/FuseCP.WebPortal/DesktopModules/FuseCP/Code/Framework/WebPortalThemeProvider.cs	45
cs/web/persistent-cookie	cs/web/persistent-cookie	FuseCP/Sources/FuseCP.WebPortal/Default.aspx.cs	610
cs/web/persistent-cookie	cs/web/persistent-cookie	FuseCP/Sources/FuseCP.WebPortal/Code/PortalUtils.cs	820
cs/web/persistent-cookie	cs/web/persistent-cookie	FuseCP/Sources/FuseCP.WebPortal/Code/PortalUtils.cs	118
cs/dereferenced-value-may-be-null	cs/dereferenced-value-may-be-null	FuseCP/Sources/FuseCP.WebPortal/DesktopModules/FuseCP/SettingsSfBUserPlansPolicy.ascx.cs	119
cs/string-concatenation-in-loop	cs/string-concatenation-in-loop	FuseCP/Sources/FuseCP.WebPortal/Code/Adapters/TreeViewAdapter.cs	654
cs/complex-condition	cs/complex-condition	FuseCP/Sources/FuseCP.WebPortal/DesktopModules/FuseCP/Code/Framework/Utils.cs	368
cs/complex-condition	cs/complex-condition	FuseCP/Sources/FuseCP.WebPortal/DesktopModules/FuseCP/Code/Framework/Utils.cs	358
cs/web/ambiguous-client-variable	cs/web/ambiguous-client-variable	FuseCP/Sources/FuseCP.WebPortal/DesktopModules/FuseCP/IPAddressesEditIPAddress.ascx.cs	98
cs/web/ambiguous-client-variable	cs/web/ambiguous-client-variable	FuseCP/Sources/FuseCP.WebPortal/DesktopModules/FuseCP/IPAddressesAddIPAddress.ascx.cs	155
cs/web/unvalidated-url-redirection	cs/web/unvalidated-url-redirection	FuseCP/Sources/FuseCP.WebPortal/DesktopModules/FuseCP/Login.ascx.cs	414
cs/local-not-disposed	cs/local-not-disposed	FuseCP/Sources/FuseCP.WebPortal/DesktopModules/FuseCP/SpaceQuotasControl.ascx.cs	69
cs/information-exposure-through-exception	cs/information-exposure-through-exception	FuseCP/Sources/FuseCP.WebPortal/DesktopModules/FuseCP/SpaceQuotasControl.ascx.cs	59
cs/dereferenced-value-may-be-null	cs/dereferenced-value-may-be-null	FuseCP/Sources/FuseCP.WebPortal/DesktopModules/FuseCP/SqlEditDatabase.ascx.cs	61
cs/missed-ternary-operator	cs/missed-ternary-operator	FuseCP/Sources/FuseCP.WebPortal/DesktopModules/FuseCP/ExchangeServer/ExchangeMailboxMailFlowSettings.ascx.cs	122
cs/constant-condition	cs/constant-condition	FuseCP/Sources/FuseCP.WebPortal/DesktopModules/FuseCP/WebSitesEditSite.ascx.cs	577
cs/constant-condition	cs/constant-condition	FuseCP/Sources/FuseCP.WebPortal/DesktopModules/FuseCP/MailAccountsEditAccount.ascx.cs	150
cs/empty-catch-block	cs/empty-catch-block	FuseCP/Sources/FuseCP.WebPortal/DesktopModules/FuseCP/Peers.ascx.cs	99
cs/sensitive-data-transmission	cs/sensitive-data-transmission	FuseCP/Sources/FuseCP.WebPortal/DesktopModules/FuseCP/UserControls/SimpleMessageBox.ascx.cs	222
cs/sensitive-data-transmission	cs/sensitive-data-transmission	FuseCP/Sources/FuseCP.WebPortal/DesktopModules/FuseCP/UserControls/MessageBox.ascx.cs	64
cs/uncontrolled-format-string	cs/uncontrolled-format-string	FuseCP/Sources/FuseCP.WebPortal/Code/AjaxHandler.cs	77
cs/string-concatenation-in-loop	cs/string-concatenation-in-loop	FuseCP/Sources/FuseCP.WebPortal/DesktopModules/FuseCP/UserControls/UsernameControl.ascx.cs	220
cs/string-concatenation-in-loop	cs/string-concatenation-in-loop	FuseCP/Sources/FuseCP.WebPortal/DesktopModules/FuseCP/UserControls/SearchBox.ascx.cs	89
cs/string-concatenation-in-loop	cs/string-concatenation-in-loop	FuseCP/Sources/FuseCP.WebPortal/DesktopModules/FuseCP/UserControls/SearchBox.ascx.cs	88
cs/string-concatenation-in-loop	cs/string-concatenation-in-loop	FuseCP/Sources/FuseCP.WebPortal/DesktopModules/FuseCP/ExchangeServer/ExchangeJournalingMailboxGeneralSettings.ascx.cs	68
cs/string-concatenation-in-loop	cs/string-concatenation-in-loop	FuseCP/Sources/FuseCP.WebPortal/DesktopModules/FuseCP/ExchangeServer/ExchangeCreateJournalingMailbox.ascx.cs	66
cs/string-concatenation-in-loop	cs/string-concatenation-in-loop	FuseCP/Sources/FuseCP.WebPortal/Code/Adapters/WebControlAdapterExtender.cs	257
cs/string-concatenation-in-loop	cs/string-concatenation-in-loop	FuseCP/Sources/FuseCP.WebPortal/Code/Adapters/WebControlAdapterExtender.cs	252
cs/string-concatenation-in-loop	cs/string-concatenation-in-loop	FuseCP/Sources/FuseCP.WebPortal/Code/Adapters/WebControlAdapterExtender.cs	248
cs/string-concatenation-in-loop	cs/string-concatenation-in-loop	FuseCP/Sources/FuseCP.WebPortal/Code/Adapters/WebControlAdapterExtender.cs	244
cs/linq/missed-where	cs/linq/missed-where	FuseCP/Sources/FuseCP.WebPortal/DesktopModules/FuseCP/DomainsSelectDomainControl.ascx.cs	143
cs/linq/missed-where	cs/linq/missed-where	FuseCP/Sources/FuseCP.WebPortal/DesktopModules/FuseCP/DomainsSelectDomainControl.ascx.cs	130
cs/linq/missed-where	cs/linq/missed-where	FuseCP/Sources/FuseCP.WebPortal/DesktopModules/FuseCP/Code/Framework/Utils.cs	64
cs/static-field-written-by-instance	cs/static-field-written-by-instance	FuseCP/Sources/FuseCP.WebPortal/Global.asax.cs	145
cs/static-field-written-by-instance	cs/static-field-written-by-instance	FuseCP/Sources/FuseCP.WebPortal/Global.asax.cs	142
cs/static-field-written-by-instance	cs/static-field-written-by-instance	FuseCP/Sources/FuseCP.WebPortal/DesktopModules/FuseCP/SpaceImportResources.ascx.cs	55
cs/static-field-written-by-instance	cs/static-field-written-by-instance	FuseCP/Sources/FuseCP.WebPortal/DesktopModules/FuseCP/SettingsSfBUserPlansPolicy.ascx.cs	120
cs/static-field-written-by-instance	cs/static-field-written-by-instance	FuseCP/Sources/FuseCP.WebPortal/DesktopModules/FuseCP/SettingsLyncUserPlansPolicy.ascx.cs	120
cs/static-field-written-by-instance	cs/static-field-written-by-instance	FuseCP/Sources/FuseCP.WebPortal/DesktopModules/FuseCP/SettingsExchangePolicy.ascx.cs	35
cs/static-field-written-by-instance	cs/static-field-written-by-instance	FuseCP/Sources/FuseCP.WebPortal/DesktopModules/FuseCP/RDS/UserControls/RDSCollectionUsers.ascx.cs	203
cs/static-field-written-by-instance	cs/static-field-written-by-instance	FuseCP/Sources/FuseCP.WebPortal/DesktopModules/FuseCP/RDS/UserControls/RDSCollectionUsers.ascx.cs	173
cs/static-field-written-by-instance	cs/static-field-written-by-instance	FuseCP/Sources/FuseCP.WebPortal/DesktopModules/FuseCP/RDS/UserControls/RDSCollectionUsers.ascx.cs	155
cs/static-field-written-by-instance	cs/static-field-written-by-instance	FuseCP/Sources/FuseCP.WebPortal/DesktopModules/FuseCP/FileManager.ascx.cs	213
cs/static-field-written-by-instance	cs/static-field-written-by-instance	FuseCP/Sources/FuseCP.WebPortal/Code/SecureSessionModule.cs	39
cs/misleading-indentation	cs/misleading-indentation	FuseCP/Sources/FuseCP.WebPortal/DesktopModules/FuseCP/ProviderControls/SmarterMail_EditDomain.ascx.cs	105
cs/misleading-indentation	cs/misleading-indentation	FuseCP/Sources/FuseCP.WebPortal/DesktopModules/FuseCP/ProviderControls/Merak_EditDomain.ascx.cs	64
cs/misleading-indentation	cs/misleading-indentation	FuseCP/Sources/FuseCP.WebPortal/DesktopModules/FuseCP/ProviderControls/MailEnable_EditDomain.ascx.cs	83
cs/empty-block	cs/empty-block	FuseCP/Sources/FuseCP.WebPortal/Global.asax.cs	120
cs/empty-block	cs/empty-block	FuseCP/Sources/FuseCP.WebPortal/DesktopModules/FuseCP/SettingsExchangeMailboxPlansPolicy.ascx.cs	405
cs/empty-block	cs/empty-block	FuseCP/Sources/FuseCP.WebPortal/DesktopModules/FuseCP/SettingsExchangeMailboxPlansPolicy.ascx.cs	119
cs/empty-block	cs/empty-block	FuseCP/Sources/FuseCP.WebPortal/DesktopModules/FuseCP/ExchangeServer/ExchangeAddMailboxPlan.ascx.cs	280
cs/loss-of-precision	cs/loss-of-precision	FuseCP/Sources/FuseCP.WebPortal/Global.asax.cs	145
cs/loss-of-precision	cs/loss-of-precision	FuseCP/Sources/FuseCP.WebPortal/DesktopModules/FuseCP/ExchangeServer/ExchangeMailboxGeneralSettings.ascx.cs	200
cs/loss-of-precision	cs/loss-of-precision	FuseCP/Sources/FuseCP.WebPortal/DesktopModules/FuseCP/ExchangeServer/ExchangeMailboxGeneralSettings.ascx.cs	150
cs/loss-of-precision	cs/loss-of-precision	FuseCP/Sources/FuseCP.WebPortal/DesktopModules/FuseCP/ExchangeServer/ExchangeJournalingMailboxGeneralSettings.ascx.cs	137
cs/simplifiable-boolean-expression	cs/simplifiable-boolean-expression	FuseCP/Sources/FuseCP.WebPortal/DesktopModules/FuseCP/TextHTML.ascx.cs	39
cs/simplifiable-boolean-expression	cs/simplifiable-boolean-expression	FuseCP/Sources/FuseCP.WebPortal/DesktopModules/FuseCP/ExchangeServer/UserControls/AccountsListWithPermissions.ascx.cs	37
cs/simplifiable-boolean-expression	cs/simplifiable-boolean-expression	FuseCP/Sources/FuseCP.WebPortal/DesktopModules/FuseCP/ExchangeServer/UserControls/AccountsList.ascx.cs	43
cs/simplifiable-boolean-expression	cs/simplifiable-boolean-expression	FuseCP/Sources/FuseCP.WebPortal/DesktopModules/FuseCP/ExchangeServer/Organizations.ascx.cs	39
cs/nested-if-statements	cs/nested-if-statements	FuseCP/Sources/FuseCP.WebPortal/DesktopModules/FuseCP/MailDomainsEditDomain.ascx.cs	45
cs/nested-if-statements	cs/nested-if-statements	FuseCP/Sources/FuseCP.WebPortal/DesktopModules/FuseCP/MailAccessEditAccess.ascx.cs	45
cs/nested-if-statements	cs/nested-if-statements	FuseCP/Sources/FuseCP.WebPortal/DesktopModules/FuseCP/Code/Framework/WebPortalPageTitleProvider.cs	38
cs/missed-using-statement	cs/missed-using-statement	FuseCP/Sources/FuseCP.WebPortal/Code/VncWebSocketHandler.cs	66
cs/missed-ternary-operator	cs/missed-ternary-operator	FuseCP/Sources/FuseCP.WebPortal/DesktopModules/FuseCP/WebSitesEditSite.ascx.cs	731
cs/missed-ternary-operator	cs/missed-ternary-operator	FuseCP/Sources/FuseCP.WebPortal/DesktopModules/FuseCP/VPS2012/VpsDetailsReplications.ascx.cs	216
cs/missed-ternary-operator	cs/missed-ternary-operator	FuseCP/Sources/FuseCP.WebPortal/DesktopModules/FuseCP/VPS2012/VpsDetailsGeneral.ascx.cs	111
cs/missed-ternary-operator	cs/missed-ternary-operator	FuseCP/Sources/FuseCP.WebPortal/DesktopModules/FuseCP/VPS2012/VpsDetailsGeneral.ascx.cs	39
cs/missed-ternary-operator	cs/missed-ternary-operator	FuseCP/Sources/FuseCP.WebPortal/DesktopModules/FuseCP/VPS2012/VpsDetailsAddPrivateAddress.ascx.cs	86
cs/missed-ternary-operator	cs/missed-ternary-operator	FuseCP/Sources/FuseCP.WebPortal/DesktopModules/FuseCP/VPS2012/VpsDetailsAddExternalAddress.ascx.cs	101
cs/missed-ternary-operator	cs/missed-ternary-operator	FuseCP/Sources/FuseCP.WebPortal/DesktopModules/FuseCP/VPS2012/VpsDetailsAddDmzAddress.ascx.cs	86
cs/missed-ternary-operator	cs/missed-ternary-operator	FuseCP/Sources/FuseCP.WebPortal/DesktopModules/FuseCP/UserAccountDetails.ascx.cs	82
cs/missed-ternary-operator	cs/missed-ternary-operator	FuseCP/Sources/FuseCP.WebPortal/DesktopModules/FuseCP/SystemSettings.ascx.cs	165
cs/missed-ternary-operator	cs/missed-ternary-operator	FuseCP/Sources/FuseCP.WebPortal/DesktopModules/FuseCP/SqlBackupDatabase.ascx.cs	81
cs/missed-ternary-operator	cs/missed-ternary-operator	FuseCP/Sources/FuseCP.WebPortal/DesktopModules/FuseCP/ServersEditServer.ascx.cs	270
cs/missed-ternary-operator	cs/missed-ternary-operator	FuseCP/Sources/FuseCP.WebPortal/DesktopModules/FuseCP/Proxmox/VpsDetailsReplications.ascx.cs	216
cs/missed-ternary-operator	cs/missed-ternary-operator	FuseCP/Sources/FuseCP.WebPortal/DesktopModules/FuseCP/ProviderControls/MSFTP70_Settings.ascx.cs	55
cs/missed-ternary-operator	cs/missed-ternary-operator	FuseCP/Sources/FuseCP.WebPortal/DesktopModules/FuseCP/ProviderControls/HostedSharePoint30_Settings.ascx.cs	58
cs/missed-ternary-operator	cs/missed-ternary-operator	FuseCP/Sources/FuseCP.WebPortal/DesktopModules/FuseCP/ProviderControls/CRM2011_Settings.ascx.cs	118
cs/missed-ternary-operator	cs/missed-ternary-operator	FuseCP/Sources/FuseCP.WebPortal/DesktopModules/FuseCP/ProviderControls/CRM_Settings.ascx.cs	56
cs/missed-ternary-operator	cs/missed-ternary-operator	FuseCP/Sources/FuseCP.WebPortal/DesktopModules/FuseCP/Code/ReportingServices/AbstractReportLocalizer.cs	161
cs/missed-ternary-operator	cs/missed-ternary-operator	FuseCP/Sources/FuseCP.WebPortal/Code/FuseCPSiteMapProvider.cs	77
cs/catch-of-all-exceptions	cs/catch-of-all-exceptions	FuseCP/Sources/FuseCP.WebPortal/DesktopModules/FuseCP/ProviderControls/MariaDB_EditDatabase.ascx.cs	56
cs/catch-of-all-exceptions	cs/catch-of-all-exceptions	FuseCP/Sources/FuseCP.WebPortal/DesktopModules/FuseCP/AutoUpdateServers.ascx.cs	32
cs/catch-of-all-exceptions	cs/catch-of-all-exceptions	FuseCP/Sources/FuseCP.WebPortal/Code/VncWebSocketHandler.cs	77
cs/dereferenced-value-may-be-null	cs/dereferenced-value-may-be-null	FuseCP/Sources/FuseCP.WebPortal/DesktopModules/FuseCP/UserControls/PackageVLANs.ascx.cs	98
cs/dereferenced-value-may-be-null	cs/dereferenced-value-may-be-null	FuseCP/Sources/FuseCP.WebPortal/DesktopModules/FuseCP/UserControls/PackagePhoneNumbers.ascx.cs	121
cs/dereferenced-value-may-be-null	cs/dereferenced-value-may-be-null	FuseCP/Sources/FuseCP.WebPortal/DesktopModules/FuseCP/UserControls/PackageIPAddresses.ascx.cs	129
cs/dereferenced-value-may-be-null	cs/dereferenced-value-may-be-null	FuseCP/Sources/FuseCP.WebPortal/DesktopModules/FuseCP/SpaceEditAddon.ascx.cs	100
cs/dereferenced-value-may-be-null	cs/dereferenced-value-may-be-null	FuseCP/Sources/FuseCP.WebPortal/DesktopModules/FuseCP/ProviderControls/SmarterStats_EditSite.ascx.cs	163
cs/dereferenced-value-may-be-null	cs/dereferenced-value-may-be-null	FuseCP/Sources/FuseCP.WebPortal/DesktopModules/FuseCP/Login.ascx.cs	319
cs/dereferenced-value-may-be-null	cs/dereferenced-value-may-be-null	FuseCP/Sources/FuseCP.WebPortal/DesktopModules/FuseCP/FileManager.ascx.cs	85
cs/dereferenced-value-may-be-null	cs/dereferenced-value-may-be-null	FuseCP/Sources/FuseCP.WebPortal/DesktopModules/FuseCP/ExchangeServer/UserControls/AccountsListWithPermissions.ascx.cs	309
cs/dereferenced-value-may-be-null	cs/dereferenced-value-may-be-null	FuseCP/Sources/FuseCP.WebPortal/DesktopModules/FuseCP/ExchangeServer/ExchangeMailboxSetupInstructions.ascx.cs	50
cs/dereferenced-value-may-be-null	cs/dereferenced-value-may-be-null	FuseCP/Sources/FuseCP.WebPortal/DesktopModules/FuseCP/Domains.ascx.cs	266
cs/dereferenced-value-may-be-null	cs/dereferenced-value-may-be-null	FuseCP/Sources/FuseCP.WebPortal/DesktopModules/FuseCP/Code/Helpers/VirtualMachinesForPCHelper.cs	66
cs/dereferenced-value-may-be-null	cs/dereferenced-value-may-be-null	FuseCP/Sources/FuseCP.WebPortal/Code/Adapters/PasswordRecoveryAdapter.cs	499
cs/dereferenced-value-may-be-null	cs/dereferenced-value-may-be-null	FuseCP/Sources/FuseCP.WebPortal/Code/Adapters/PasswordRecoveryAdapter.cs	420
cs/dereferenced-value-may-be-null	cs/dereferenced-value-may-be-null	FuseCP/Sources/FuseCP.WebPortal/Code/Adapters/DataListAdapter.cs	140
cs/lock-this	cs/lock-this	FuseCP/Sources/FuseCP.WebPortal/DesktopModules/FuseCP/ServersEditServer.ascx.cs	48
cs/lock-this	cs/lock-this	FuseCP/Sources/FuseCP.WebPortal/DesktopModules/FuseCP/Code/Framework/FuseCPModuleBase.cs	223
cs/lock-this	cs/lock-this	FuseCP/Sources/FuseCP.WebPortal/DesktopModules/FuseCP/Code/Framework/FuseCPModuleBase.cs	195
cs/lock-this	cs/lock-this	FuseCP/Sources/FuseCP.WebPortal/DesktopModules/FuseCP/Code/Framework/FuseCPModuleBase.cs	134
cs/lock-this	cs/lock-this	FuseCP/Sources/FuseCP.WebPortal/Code/FuseCPSiteMapProvider.cs	186
cs/complex-condition	cs/complex-condition	FuseCP/Sources/FuseCP.WebPortal/DesktopModules/FuseCP/UserControls/PasswordControl.ascx.cs	109
cs/complex-condition	cs/complex-condition	FuseCP/Sources/FuseCP.WebPortal/DesktopModules/FuseCP/UserControls/EditIPAddressControl.ascx.cs	104
cs/complex-condition	cs/complex-condition	FuseCP/Sources/FuseCP.WebPortal/DesktopModules/FuseCP/ExchangeServer/ExchangeDomainRecords.ascx.cs	151
cs/complex-condition	cs/complex-condition	FuseCP/Sources/FuseCP.WebPortal/DesktopModules/FuseCP/DnsZoneRecords.ascx.cs	171
cs/complex-condition	cs/complex-condition	FuseCP/Sources/FuseCP.WebPortal/Code/Adapters/TreeViewAdapter.cs	492
cs/path-combine	cs/path-combine	FuseCP/Sources/FuseCP.WebPortal/Code/PortalUtils.cs	1194
cs/path-combine	cs/path-combine	FuseCP/Sources/FuseCP.WebPortal/Code/PortalConfiguration.cs	114
cs/path-combine	cs/path-combine	FuseCP/Sources/FuseCP.WebPortal/Code/PortalConfiguration.cs	244
cs/path-combine	cs/path-combine	FuseCP/Sources/FuseCP.WebPortal/Code/PortalConfiguration.cs	136
cs/class-name-matches-base-class	cs/class-name-matches-base-class	FuseCP/Sources/FuseCP.WebPortal/Code/Adapters/MenuAdapter.cs	29
cs/expose-implementation	cs/expose-implementation	FuseCP/Sources/FuseCP.WebPortal/Code/Adapters/WebControlAdapterExtender.cs	599
cs/cast-from-abstract-to-concrete-collection	cs/cast-from-abstract-to-concrete-collection	FuseCP/Sources/FuseCP.WebPortal/DesktopModules/FuseCP/WebsitesSSL.ascx.cs	450
cs/local-shadows-member	cs/local-shadows-member	FuseCP/Sources/FuseCP.WebPortal/Code/PortalConfiguration.cs	256
cs/local-shadows-member	cs/local-shadows-member	FuseCP/Sources/FuseCP.WebPortal/DesktopModules/FuseCP/MailAccountsEditAccount.ascx.cs	199
cs/local-not-disposed	cs/local-not-disposed	FuseCP/Sources/FuseCP.WebPortal/Default.aspx.cs	710
cs/dispose-not-called-on-throw	cs/dispose-not-called-on-throw	FuseCP/Sources/FuseCP.WebPortal/DesktopModules/FuseCP/ResizeImage.ashx.cs	129
cs/dispose-not-called-on-throw	cs/dispose-not-called-on-throw	FuseCP/Sources/FuseCP.WebPortal/DesktopModules/FuseCP/ResizeImage.ashx.cs	128
cs/dispose-not-called-on-throw	cs/dispose-not-called-on-throw	FuseCP/Sources/FuseCP.WebPortal/DesktopModules/FuseCP/ResizeImage.ashx.cs	121
cs/dispose-not-called-on-throw	cs/dispose-not-called-on-throw	FuseCP/Sources/FuseCP.WebPortal/DesktopModules/FuseCP/ResizeImage.ashx.cs	115
cs/web/ambiguous-client-variable	cs/web/ambiguous-client-variable	FuseCP/Sources/FuseCP.WebPortal/DesktopModules/FuseCP/SqlEditDatabase.ascx.cs	42
cs/web/ambiguous-client-variable	cs/web/ambiguous-client-variable	FuseCP/Sources/FuseCP.WebPortal/DesktopModules/FuseCP/SkinControls/UserSpaceBreadcrumb.ascx.cs	113
cs/web/ambiguous-client-variable	cs/web/ambiguous-client-variable	FuseCP/Sources/FuseCP.WebPortal/DesktopModules/FuseCP/SkinControls/UserSpaceBreadcrumb.ascx.cs	128
cs/web/ambiguous-client-variable	cs/web/ambiguous-client-variable	FuseCP/Sources/FuseCP.WebPortal/DesktopModules/FuseCP/DomainsAddDomain.ascx.cs	269
cs/web/ambiguous-client-variable	cs/web/ambiguous-client-variable	FuseCP/Sources/FuseCP.WebPortal/DesktopModules/FuseCP/DomainsAddDomain.ascx.cs	201
cs/web/ambiguous-client-variable	cs/web/ambiguous-client-variable	FuseCP/Sources/FuseCP.WebPortal/DesktopModules/FuseCP/DomainsAddDomain.ascx.cs	78
cs/web/ambiguous-client-variable	cs/web/ambiguous-client-variable	FuseCP/Sources/FuseCP.WebPortal/DesktopModules/FuseCP/DomainsAddDomain.ascx.cs	38
cs/web/persistent-cookie	cs/web/persistent-cookie	FuseCP/Sources/FuseCP.WebPortal/Code/PortalUtils.cs	799
cs/insecure-randomness	cs/insecure-randomness	FuseCP/Sources/FuseCP.WebPortal/DesktopModules/FuseCP/ExchangeServer/OrganizationCreateUser.ascx.cs	90
cs/insecure-randomness	cs/insecure-randomness	FuseCP/Sources/FuseCP.WebPortal/DesktopModules/FuseCP/ExchangeServer/ExchangeCreateMailbox.ascx.cs	151
cs/insecure-randomness	cs/insecure-randomness	FuseCP/Sources/FuseCP.WebPortal/DesktopModules/FuseCP/ExchangeServer/ExchangeCreateJournalingMailbox.ascx.cs	133
cs/xml/xpath-injection	cs/xml/xpath-injection	FuseCP/Sources/FuseCP.WebPortal/Code/PortalUtils.cs	1206
cs/web/cookie-secure-not-set	cs/web/cookie-secure-not-set	FuseCP/Sources/FuseCP.WebPortal/DesktopModules/FuseCP/LoggedUserEditDetails.ascx.cs	871
cs/web/unvalidated-url-redirection	cs/web/unvalidated-url-redirection	FuseCP/Sources/FuseCP.WebPortal/DesktopModules/FuseCP/VLANsEditVLAN.ascx.cs	80
cs/web/unvalidated-url-redirection	cs/web/unvalidated-url-redirection	FuseCP/Sources/FuseCP.WebPortal/DesktopModules/FuseCP/VLANsAddVLAN.ascx.cs	134
cs/web/unvalidated-url-redirection	cs/web/unvalidated-url-redirection	FuseCP/Sources/FuseCP.WebPortal/DesktopModules/FuseCP/IPAddressesEditIPAddress.ascx.cs	106
cs/web/unvalidated-url-redirection	cs/web/unvalidated-url-redirection	FuseCP/Sources/FuseCP.WebPortal/DesktopModules/FuseCP/IPAddressesAddIPAddress.ascx.cs	163
cs/session-reuse	cs/session-reuse	FuseCP/Sources/FuseCP.WebPortal/Code/PortalUtils.cs	291
cs/session-reuse	cs/session-reuse	FuseCP/Sources/FuseCP.WebPortal/Code/PortalUtils.cs	266
cs/information-exposure-through-exception	cs/information-exposure-through-exception	FuseCP/Sources/FuseCP.WebPortal/DesktopModules/FuseCP/VPS2012/VpsDetailsNetwork.ascx.cs	121
cs/information-exposure-through-exception	cs/information-exposure-through-exception	FuseCP/Sources/FuseCP.WebPortal/DesktopModules/FuseCP/VLANsAddVLAN.ascx.cs	60
cs/information-exposure-through-exception	cs/information-exposure-through-exception	FuseCP/Sources/FuseCP.WebPortal/DesktopModules/FuseCP/UserControls/MessageBox.ascx.cs	89
cs/information-exposure-through-exception	cs/information-exposure-through-exception	FuseCP/Sources/FuseCP.WebPortal/DesktopModules/FuseCP/UserAccountSummaryLetter.ascx.cs	61
cs/information-exposure-through-exception	cs/information-exposure-through-exception	FuseCP/Sources/FuseCP.WebPortal/DesktopModules/FuseCP/SpaceSummaryLetter.ascx.cs	61
cs/information-exposure-through-exception	cs/information-exposure-through-exception	FuseCP/Sources/FuseCP.WebPortal/DesktopModules/FuseCP/PhoneNumbersAddPhoneNumber.ascx.cs	84
cs/information-exposure-through-exception	cs/information-exposure-through-exception	FuseCP/Sources/FuseCP.WebPortal/DesktopModules/FuseCP/IPAddressesAddIPAddress.ascx.cs	71
cs/information-exposure-through-exception	cs/information-exposure-through-exception	FuseCP/Sources/FuseCP.WebPortal/DesktopModules/FuseCP/HostingPlansQuotas.ascx.cs	57
cs/information-exposure-through-exception	cs/information-exposure-through-exception	FuseCP/Sources/FuseCP.WebPortal/DesktopModules/FuseCP/HostingPlansQuotas.ascx.cs	77
cs/information-exposure-through-exception	cs/information-exposure-through-exception	FuseCP/Sources/FuseCP.WebPortal/Default.aspx.cs	633
cs/sensitive-data-transmission	cs/sensitive-data-transmission	FuseCP/Sources/FuseCP.WebPortal/DesktopModules/FuseCP/WebSitesEditSite.ascx.cs	596
cs/sensitive-data-transmission	cs/sensitive-data-transmission	FuseCP/Sources/FuseCP.WebPortal/DesktopModules/FuseCP/WebSitesEditSite.ascx.cs	593
cs/sensitive-data-transmission	cs/sensitive-data-transmission	FuseCP/Sources/FuseCP.WebPortal/DesktopModules/FuseCP/WebSitesEditSite.ascx.cs	703
cs/sensitive-data-transmission	cs/sensitive-data-transmission	FuseCP/Sources/FuseCP.WebPortal/DesktopModules/FuseCP/WebSitesEditSite.ascx.cs	699
cs/sensitive-data-transmission	cs/sensitive-data-transmission	FuseCP/Sources/FuseCP.WebPortal/DesktopModules/FuseCP/ProviderControls/SmarterMail_EditList.ascx.cs	52
cs/sensitive-data-transmission	cs/sensitive-data-transmission	FuseCP/Sources/FuseCP.WebPortal/DesktopModules/FuseCP/ProviderControls/SmarterMail60_EditList.ascx.cs	62
cs/sensitive-data-transmission	cs/sensitive-data-transmission	FuseCP/Sources/FuseCP.WebPortal/DesktopModules/FuseCP/ProviderControls/SmarterMail50_EditList.ascx.cs	54
cs/sensitive-data-transmission	cs/sensitive-data-transmission	FuseCP/Sources/FuseCP.WebPortal/DesktopModules/FuseCP/ProviderControls/SmarterMail100x_EditList.ascx.cs	62
cs/sensitive-data-transmission	cs/sensitive-data-transmission	FuseCP/Sources/FuseCP.WebPortal/DesktopModules/FuseCP/ProviderControls/SmarterMail100_EditList.ascx.cs	62
cs/sensitive-data-transmission	cs/sensitive-data-transmission	FuseCP/Sources/FuseCP.WebPortal/DesktopModules/FuseCP/ProviderControls/Merak_EditList.ascx.cs	51
cs/sensitive-data-transmission	cs/sensitive-data-transmission	FuseCP/Sources/FuseCP.WebPortal/DesktopModules/FuseCP/ProviderControls/MailEnable_EditList.ascx.cs	49
cs/sensitive-data-transmission	cs/sensitive-data-transmission	FuseCP/Sources/FuseCP.WebPortal/DesktopModules/FuseCP/ProviderControls/IceWarp_EditList.ascx.cs	51
cs/sensitive-data-transmission	cs/sensitive-data-transmission	FuseCP/Sources/FuseCP.WebPortal/DesktopModules/FuseCP/ProviderControls/HyperV2016_Settings.ascx.cs	330
cs/sensitive-data-transmission	cs/sensitive-data-transmission	FuseCP/Sources/FuseCP.WebPortal/DesktopModules/FuseCP/ProviderControls/HyperV2012R2_Settings.ascx.cs	524
cs/web/cookie-httponly-not-set	cs/web/cookie-httponly-not-set	FuseCP/Sources/FuseCP.WebPortal/DesktopModules/FuseCP/LoggedUserEditDetails.ascx.cs	871
cs/web/debug-binary	cs/web/debug-binary	FuseCP/Sources/FuseCP.WebPortal/bin_dotnet/Web.Net6.config	74
cs/web/file-upload	cs/web/file-upload	FuseCP/Sources/FuseCP.WebPortal/DesktopModules/FuseCP/DomainsImportZone.ascx.cs	38
cs/web/requiressl-not-set	cs/web/requiressl-not-set	FuseCP/Sources/FuseCP.WebPortal/Web.config	95
cs/web/requiressl-not-set	cs/web/requiressl-not-set	FuseCP/Sources/FuseCP.WebPortal/Web6.config	64
js/trivial-conditional	js/trivial-conditional	FuseCP/Sources/FuseCP.WebPortal/App_Themes/Default/js/jquery-ui/jquery-ui-1.10.4.custom.js	7990
js/trivial-conditional	js/trivial-conditional	FuseCP/Sources/FuseCP.WebPortal/App_Themes/Default/js/jquery-ui/jquery-ui-1.10.4.custom.js	3633
js/trivial-conditional	js/trivial-conditional	FuseCP/Sources/FuseCP.WebPortal/JavaScript/bootstrap/bootstrap.js	3188
js/trivial-conditional	js/trivial-conditional	FuseCP/Sources/FuseCP.WebPortal/JavaScript/codemirror/htaccess.js	138
js/trivial-conditional	js/trivial-conditional	FuseCP/Sources/FuseCP.WebPortal/JavaScript/bootstrap/bootstrap.js	2425
js/trivial-conditional	js/trivial-conditional	FuseCP/Sources/FuseCP.WebPortal/App_Themes/Default/js/jquery/jquery-2.1.0.js	6584
js/trivial-conditional	js/trivial-conditional	FuseCP/Sources/FuseCP.WebPortal/App_Themes/Default/js/jquery/jquery-2.1.0.js	1707
js/trivial-conditional	js/trivial-conditional	FuseCP/Sources/FuseCP.WebPortal/App_Themes/Default/js/jquery/jquery-2.1.0.js	1690
js/trivial-conditional	js/trivial-conditional	FuseCP/Sources/FuseCP.WebPortal/App_Themes/Default/js/jquery/jquery-2.1.0.js	1610
js/trivial-conditional	js/trivial-conditional	FuseCP/Sources/FuseCP.WebPortal/App_Themes/Default/js/bootstrap/bootstrap.js	3188
js/trivial-conditional	js/trivial-conditional	FuseCP/Sources/FuseCP.WebPortal/App_Themes/Default/js/bootstrap/bootstrap.js	2425
js/useless-assignment-in-return	js/useless-assignment-in-return	FuseCP/Sources/FuseCP.WebPortal/App_Themes/Default/js/fcp-common.js	868
js/loop-iteration-skipped-due-to-shifting	js/loop-iteration-skipped-due-to-shifting	FuseCP/Sources/FuseCP.WebPortal/App_Themes/Default/js/jquery-ui/jquery-ui-1.10.4.custom.js	2484
js/regex/unmatchable-dollar	js/regex/unmatchable-dollar	FuseCP/Sources/FuseCP.WebPortal/JavaScript/codemirror/codemirror.js	5049
js/superfluous-trailing-arguments	js/superfluous-trailing-arguments	FuseCP/Sources/FuseCP.WebPortal/App_Themes/Default/js/fcp-common.js	870
js/superfluous-trailing-arguments	js/superfluous-trailing-arguments	FuseCP/Sources/FuseCP.WebPortal/App_Themes/Default/js/fcp-common.js	868
js/superfluous-trailing-arguments	js/superfluous-trailing-arguments	FuseCP/Sources/FuseCP.WebPortal/App_Themes/Default/addons/fuelux/js/fuelux.js	7250
js/unneeded-defensive-code	js/unneeded-defensive-code	FuseCP/Sources/FuseCP.WebPortal/JavaScript/jquery.window.js	116
js/unneeded-defensive-code	js/unneeded-defensive-code	FuseCP/Sources/FuseCP.WebPortal/JavaScript/bootstrap/bootstrap.js	3171
js/unneeded-defensive-code	js/unneeded-defensive-code	FuseCP/Sources/FuseCP.WebPortal/JavaScript/bootstrap/bootstrap.js	2697
js/unneeded-defensive-code	js/unneeded-defensive-code	FuseCP/Sources/FuseCP.WebPortal/App_Themes/Default/js/bootstrap/bootstrap.js	3171
js/unneeded-defensive-code	js/unneeded-defensive-code	FuseCP/Sources/FuseCP.WebPortal/App_Themes/Default/js/bootstrap/bootstrap.js	2697
js/redundant-assignment	js/redundant-assignment	FuseCP/Sources/FuseCP.WebPortal/JavaScript/bootstrap/bootstrap.js	2227
js/redundant-assignment	js/redundant-assignment	FuseCP/Sources/FuseCP.WebPortal/App_Themes/Default/js/bootstrap/bootstrap.js	2227
js/comparison-between-incompatible-types	js/comparison-between-incompatible-types	FuseCP/Sources/FuseCP.WebPortal/App_Themes/Default/js/jquery/jquery-2.1.0.js	6653
js/useless-expression	js/useless-expression	FuseCP/Sources/FuseCP.WebPortal/App_Themes/Default/js/fcp-common.js	867
js/useless-expression	js/useless-expression	FuseCP/Sources/FuseCP.WebPortal/App_Themes/Default/js/fcp-common.js	867
js/useless-expression	js/useless-expression	FuseCP/Sources/FuseCP.WebPortal/App_Themes/Default/js/fcp-common.js	867
js/unused-local-variable	js/unused-local-variable	FuseCP/Sources/FuseCP.WebPortal/App_Themes/Default/addons/fuelux/js/fuelux.js	7922
js/unused-local-variable	js/unused-local-variable	FuseCP/Sources/FuseCP.WebPortal/App_Themes/Default/addons/fuelux/js/fuelux.js	5052
js/unused-local-variable	js/unused-local-variable	FuseCP/Sources/FuseCP.WebPortal/App_Themes/Default/addons/fuelux/js/fuelux.js	982
js/use-before-declaration	js/use-before-declaration	FuseCP/Sources/FuseCP.WebPortal/JavaScript/codemirror/codemirror.js	1801
js/useless-assignment-to-property	js/useless-assignment-to-property	FuseCP/Sources/FuseCP.WebPortal/App_Themes/Default/js/jquery-ui/jquery-ui-1.10.4.custom.js	5146
js/useless-assignment-to-local	js/useless-assignment-to-local	FuseCP/Sources/FuseCP.WebPortal/tinymce/themes/inlite/scratch/inline/theme.raw.js	1639
js/useless-assignment-to-local	js/useless-assignment-to-local	FuseCP/Sources/FuseCP.WebPortal/tinymce/themes/inlite/scratch/inline/theme.js	1639
js/useless-assignment-to-local	js/useless-assignment-to-local	FuseCP/Sources/FuseCP.WebPortal/tinymce/themes/inlite/src/main/js/tinymce/inlite/Theme.js	105
js/useless-assignment-to-local	js/useless-assignment-to-local	FuseCP/Sources/FuseCP.WebPortal/tinymce/themes/inlite/scratch/compile/theme.js	1551
js/useless-assignment-to-local	js/useless-assignment-to-local	FuseCP/Sources/FuseCP.WebPortal/App_Themes/Default/js/jquery-ui/jquery-ui-1.10.4.custom.js	10570
js/useless-assignment-to-local	js/useless-assignment-to-local	FuseCP/Sources/FuseCP.WebPortal/JavaScript/codemirror/codemirror.js	5263
js/useless-assignment-to-local	js/useless-assignment-to-local	FuseCP/Sources/FuseCP.WebPortal/App_Themes/Default/js/fcp-common.js	868
js/useless-assignment-to-local	js/useless-assignment-to-local	FuseCP/Sources/FuseCP.WebPortal/App_Themes/Default/js/fcp-common.js	868
js/regex/missing-regexp-anchor	js/regex/missing-regexp-anchor	FuseCP/Sources/FuseCP.WebPortal/tinymce/themes/inlite/src/main/js/tinymce/inlite/core/UrlType.js	14
js/regex/missing-regexp-anchor	js/regex/missing-regexp-anchor	FuseCP/Sources/FuseCP.WebPortal/tinymce/themes/inlite/scratch/inline/theme.raw.js	598
js/regex/missing-regexp-anchor	js/regex/missing-regexp-anchor	FuseCP/Sources/FuseCP.WebPortal/tinymce/themes/inlite/scratch/inline/theme.js	598
js/regex/missing-regexp-anchor	js/regex/missing-regexp-anchor	FuseCP/Sources/FuseCP.WebPortal/tinymce/themes/inlite/scratch/compile/theme.js	510
js/unsafe-html-expansion	js/unsafe-html-expansion	FuseCP/Sources/FuseCP.WebPortal/App_Themes/Default/js/jquery/jquery-2.1.0.js	5243
js/unsafe-html-expansion	js/unsafe-html-expansion	FuseCP/Sources/FuseCP.WebPortal/App_Themes/Default/js/jquery/jquery-2.1.0.js	5042
js/incomplete-sanitization	js/incomplete-sanitization	FuseCP/Sources/FuseCP.WebPortal/App_Themes/Default/js/jquery-ui/jquery-ui-1.10.4.custom.js	11695
js/incomplete-sanitization	js/incomplete-sanitization	FuseCP/Sources/FuseCP.WebPortal/App_Themes/Default/js/jquery-ui/jquery-ui-1.10.4.custom.js	6326
js/xss-through-dom	js/xss-through-dom	FuseCP/Sources/FuseCP.WebPortal/App_Themes/Default/js/fcp-common.js	869
js/xss-through-dom	js/xss-through-dom	FuseCP/Sources/FuseCP.WebPortal/App_Themes/Default/js/fcp-common.js	867
js/xss-through-dom	js/xss-through-dom	FuseCP/Sources/FuseCP.WebPortal/App_Themes/Default/js/fcp-common.js	867
js/xss-through-dom	js/xss-through-dom	FuseCP/Sources/FuseCP.WebPortal/App_Themes/Default/js/fcp-common.js	867
js/xss-through-dom	js/xss-through-dom	FuseCP/Sources/FuseCP.WebPortal/App_Themes/Default/js/fcp-common.js	867
js/xss-through-dom	js/xss-through-dom	FuseCP/Sources/FuseCP.WebPortal/App_Themes/Default/js/fcp-common.js	867
js/xss-through-dom	js/xss-through-dom	FuseCP/Sources/FuseCP.WebPortal/App_Themes/Default/js/fcp-common.js	867
js/xss-through-dom	js/xss-through-dom	FuseCP/Sources/FuseCP.WebPortal/App_Themes/Default/js/fcp-common.js	799
js/xss-through-dom	js/xss-through-dom	FuseCP/Sources/FuseCP.WebPortal/App_Themes/Default/addons/fuelux/js/fuelux.js	4878
js/xss-through-dom	js/xss-through-dom	FuseCP/Sources/FuseCP.WebPortal/App_Themes/Default/js/fcp-common.js	569
js/xss-through-dom	js/xss-through-dom	FuseCP/Sources/FuseCP.WebPortal/App_Themes/Default/js/fcp-common.js	556
js/xss-through-dom	js/xss-through-dom	FuseCP/Sources/FuseCP.WebPortal/App_Themes/Default/addons/fuelux/js/fuelux.js	2129
js/xss-through-dom	js/xss-through-dom	FuseCP/Sources/FuseCP.WebPortal/App_Themes/Default/addons/fuelux/js/fuelux.js	2116
js/xss-through-dom	js/xss-through-dom	FuseCP/Sources/FuseCP.WebPortal/App_Themes/Default/addons/fuelux/js/fuelux.js	2082
js/xss-through-dom	js/xss-through-dom	FuseCP/Sources/FuseCP.WebPortal/App_Themes/Default/addons/fuelux/js/fuelux.js	1937
js/xss-through-dom	js/xss-through-dom	FuseCP/Sources/FuseCP.WebPortal/App_Themes/Default/addons/fuelux/js/fuelux.js	1515
js/xss-through-dom	js/xss-through-dom	FuseCP/Sources/FuseCP.WebPortal/App_Themes/Default/addons/fuelux/js/fuelux.js	58
js/unsafe-jquery-plugin	js/unsafe-jquery-plugin	FuseCP/Sources/FuseCP.WebPortal/App_Themes/Default/js/jquery-ui/jquery-ui-1.10.4.custom.js	7704
js/unsafe-jquery-plugin	js/unsafe-jquery-plugin	FuseCP/Sources/FuseCP.WebPortal/App_Themes/Default/js/jquery-ui/jquery-ui-1.10.4.custom.js	1102
js/html-constructed-from-input	js/html-constructed-from-input	FuseCP/Sources/FuseCP.WebPortal/App_Themes/Default/js/jquery-ui/jquery-ui-1.10.4.custom.js	6873
js/html-constructed-from-input	js/html-constructed-from-input	FuseCP/Sources/FuseCP.WebPortal/JavaScript/jquery.window.js	831
js/html-constructed-from-input	js/html-constructed-from-input	FuseCP/Sources/FuseCP.WebPortal/JavaScript/jquery.window.js	831
js/html-constructed-from-input	js/html-constructed-from-input	FuseCP/Sources/FuseCP.WebPortal/JavaScript/jquery.window.js	831
js/html-constructed-from-input	js/html-constructed-from-input	FuseCP/Sources/FuseCP.WebPortal/JavaScript/jquery.window.js	831
js/html-constructed-from-input	js/html-constructed-from-input	FuseCP/Sources/FuseCP.WebPortal/JavaScript/jquery.window.js	831
js/html-constructed-from-input	js/html-constructed-from-input	FuseCP/Sources/FuseCP.WebPortal/JavaScript/jquery.window.js	829
js/html-constructed-from-input	js/html-constructed-from-input	FuseCP/Sources/FuseCP.WebPortal/JavaScript/jquery.window.js	829
js/html-constructed-from-input	js/html-constructed-from-input	FuseCP/Sources/FuseCP.WebPortal/JavaScript/jquery.window.js	829
js/html-constructed-from-input	js/html-constructed-from-input	FuseCP/Sources/FuseCP.WebPortal/JavaScript/jquery.window.js	829
js/html-constructed-from-input	js/html-constructed-from-input	FuseCP/Sources/FuseCP.WebPortal/JavaScript/jquery.window.js	829
js/html-constructed-from-input	js/html-constructed-from-input	FuseCP/Sources/FuseCP.WebPortal/JavaScript/jquery.window.js	617
js/html-constructed-from-input	js/html-constructed-from-input	FuseCP/Sources/FuseCP.WebPortal/JavaScript/jquery.window.js	603
js/html-constructed-from-input	js/html-constructed-from-input	FuseCP/Sources/FuseCP.WebPortal/JavaScript/jquery.window.js	586
js/html-constructed-from-input	js/html-constructed-from-input	FuseCP/Sources/FuseCP.WebPortal/JavaScript/jquery.window.js	586
js/html-constructed-from-input	js/html-constructed-from-input	FuseCP/Sources/FuseCP.WebPortal/JavaScript/jquery.window.js	486
js/html-constructed-from-input	js/html-constructed-from-input	FuseCP/Sources/FuseCP.WebPortal/JavaScript/jquery.window.js	485
js/html-constructed-from-input	js/html-constructed-from-input	FuseCP/Sources/FuseCP.WebPortal/JavaScript/jquery.window.js	426
